연도,작목군,작목명,지역,면적,생산량
2019,과수,감,강원도,262.3321,1971.0
2019,과수,감,전국,23000.2433,258874.0
2019,과수,감귤,강원도,0.0,0.0
2019,과수,감귤,전국,21179.6299,629785.0
2019,식량,감자,강원도,5913.2589,199157.0
2019,식량,감자,전국,26829.3408,690419.0
2019,식량,겉보리,강원도,160.2245,354.00828
2019,식량,겉보리,전국,9985.0118,29548.17571
2019,식량,고구마,강원도,563.0619,7218.0
2019,식량,고구마,전국,21941.2031,368324.0
2019,식량,녹두,강원도,21.046,22.0
2019,식량,녹두,전국,1541.3249,2035.0
2019,식량,논벼,강원도,28640.097,146839.73534
2019,식량,논벼,전국,729584.7102,3643117.89034
2019,식량,단감,강원도,3.1356,14.0
2019,식량,단감,전국,8639.2721,96271.0
2019,과수,떫은감,강원도,259.1965,1957.0
2019,과수,떫은감,전국,14360.9712,162603.0
2019,과수,매실,강원도,168.8128,388.0
2019,과수,매실,전국,9384.7937,46723.0
2019,식량,맥주보리,강원도,0.0,0.0
2019,식량,맥주보리,전국,10634.3569,36137.21812
2019,식량,메밀,강원도,221.4063,175.0
2019,식량,메밀,전국,2330.3281,2705.0
2019,식량,밀,강원도,5.2788,13.0
2019,식량,밀,전국,3736.402,15024.0
2019,식량,밭벼,강원도,0.0,0.0
2019,식량,밭벼,전국,229.1682,566.55094
2019,과수,배,강원도,203.6151,3080.0
2019,과수,배,전국,9614.593,200732.0
2019,과수,복숭아,강원도,590.321,4224.0
2019,과수,복숭아,전국,20635.6096,210345.0
2019,과수,사과,강원도,1091.9981,10486.0
2019,과수,사과,전국,32953.5377,535324.0
2019,식량,쌀보리,강원도,0.8196,2.26688
2019,식량,쌀보리,전국,23100.217,71229.86759
2019,식량,옥수수,강원도,5187.8119,22204.0
2019,식량,옥수수,전국,14839.8739,76336.0
2019,식량,자두,강원도,62.026,221.0
2019,식량,자두,전국,7100.2544,51087.0
2019,식량,콩,강원도,4550.6112,8891.25227
2019,식량,콩,전국,58537.1548,105339.81891
2019,식량,팥,강원도,1001.3065,1282.0
2019,식량,팥,전국,5892.5389,7102.0
2019,과수,포도,강원도,257.539,2454.0
2019,과수,포도,전국,12675.9342,166159.0
2020,과수,감,강원도,271.5909,1940.0501957915
2020,과수,감,전국,21982.0279,198817.405559295
2020,과수,감귤,강원도,0.0,0.0
2020,과수,감귤,전국,21111.0677,658858.81518663
2020,식량,감자,강원도,5253.0856,165702.0
2020,식량,감자,전국,23599.1733,553194.0
2020,식량,겉보리,강원도,172.2024,388.3931
2020,식량,겉보리,전국,7309.9795,18856.6164
2020,식량,고구마,강원도,550.8839,7850.0
2020,식량,고구마,전국,22262.0766,329927.0
2020,식량,녹두,강원도,26.9282,28.0
2020,식량,녹두,전국,1156.7409,1598.0
2020,식량,논벼,강원도,28405.2347,123959.28261
2020,식량,논벼,전국,726179.7204,3411635.30583
2020,식량,단감,강원도,2.3911,9.3403294964
2020,식량,단감,전국,8404.2849,89353.7435886545
2020,과수,떫은감,강원도,269.1998,1930.7098662951
2020,과수,떫은감,전국,13577.743,109463.66197064
2020,과수,매실,강원도,158.3661,633.3092469136
2020,과수,매실,전국,8486.6798,40122.3042954611
2020,식량,맥주보리,강원도,0.0,0.0
2020,식량,맥주보리,전국,8170.4559,23849.5905
2020,식량,메밀,강원도,149.3351,115.0
2020,식량,메밀,전국,1600.295,1549.0
2020,식량,밀,강원도,0.2133,1.0
2020,식량,밀,전국,5223.8942,16985.0
2020,식량,밭벼,강원도,0.0,0.0
2020,식량,밭벼,전국,252.6078,578.73488
2020,과수,배,강원도,140.1726,1185.0
2020,과수,배,전국,9091.2714,132580.0
2020,과수,복숭아,강원도,583.7486,3851.0856285551
2020,과수,복숭아,전국,20450.3369,189057.717007973
2020,과수,사과,강원도,1124.3876,8215.0
2020,과수,사과,전국,31597.751,422115.0
2020,식량,쌀보리,강원도,4.1138,8.8005
2020,식량,쌀보리,전국,19497.6275,55690.1703
2020,식량,옥수수,강원도,5305.6214,28863.0
2020,식량,옥수수,전국,15633.0707,91766.0
2020,식량,자두,강원도,79.8592,417.0943959987
2020,식량,자두,전국,7314.9912,50027.6235408956
2020,식량,콩,강원도,4607.577,7602.38559
2020,식량,콩,전국,55007.7162,80926.0896
2020,식량,팥,강원도,935.5966,1095.0
2020,식량,팥,전국,4930.707,5809.0
2020,과수,포도,강원도,265.4903,2530.3131701072
2020,과수,포도,전국,13183.3324,165905.601106572
2021,과수,감,강원도,265.4492,1753.0
2021,과수,감,전국,20882.4699,200610.0
2021,과수,감귤,강원도,0.0,0.0
2021,과수,감귤,전국,22028.9451,635835.0
2021,식량,감자,강원도,5715.0737,172869.4415
2021,식량,감자,전국,21744.6884,554892.5007
2021,식량,겉보리,강원도,140.5863,293.465
2021,식량,겉보리,전국,5782.7917,16885.9953
2021,식량,고구마,강원도,531.247,8197.0
2021,식량,고구마,전국,23236.2152,348912.0
2021,식량,녹두,강원도,19.2839,20.0
2021,식량,녹두,전국,1228.5452,2004.0
2021,식량,논벼,강원도,28902.8287,151316.7054
2021,식량,논벼,전국,732070.0068,3775890.17
2021,식량,단감,강원도,1.8705,7.0
2021,식량,단감,전국,8899.3588,99918.0
2021,과수,떫은감,강원도,263.5787,1746.0
2021,과수,떫은감,전국,11983.1111,100692.0
2021,과수,매실,강원도,137.168,481.0
2021,과수,매실,전국,6256.4544,30191.0
2021,식량,맥주보리,강원도,0.0,0.0
2021,식량,맥주보리,전국,7175.1568,23130.6271
2021,식량,메밀,강원도,188.6011,155.0
2021,식량,메밀,전국,2148.1803,1967.0
2021,식량,밀,강원도,37.7454,95.0
2021,식량,밀,전국,6223.6516,26324.0
2021,식량,밭벼,강원도,0.0,0.0
2021,식량,밭벼,전국,407.0207,1253.977
2021,과수,배,강원도,133.1493,1610.0
2021,과수,배,전국,9674.8249,210293.0
2021,과수,복숭아,강원도,734.7417,5483.0
2021,과수,복숭아,전국,19474.8306,192094.0
2021,과수,사과,강원도,1578.6705,23503.0
2021,과수,사과,전국,34358.649,515931.0
2021,식량,쌀보리,강원도,1.5346,3.4463
2021,식량,쌀보리,전국,15865.1187,48506.7621
2021,식량,옥수수,강원도,5502.0067,31031.0
2021,식량,옥수수,전국,16145.3,95141.0
2021,식량,자두,강원도,106.3893,651.0
2021,식량,자두,전국,6656.8803,50257.0
2021,식량,콩,강원도,4031.0655,8946.5362
2021,식량,콩,전국,54444.3469,110780.7633
2021,식량,팥,강원도,849.7821,1020.0
2021,식량,팥,전국,4318.0007,5398.0
2021,과수,포도,강원도,216.3374,2510.0
2021,과수,포도,전국,13348.5199,168150.0
2022,과수,감,강원도,287.1073,2343.0
2022,과수,감,전국,22265.158,217853.0
2022,과수,감귤,강원도,0.0,0.0
2022,과수,감귤,전국,22125.3114,610454.0
2022,식량,감자,강원도,5181.3264,172003.6186
2022,식량,감자,전국,20088.3997,480600.7963
2022,식량,겉보리,강원도,69.5913,125.5716
2022,식량,겉보리,전국,4620.3966,12418.3781
2022,식량,고구마,강원도,496.5654,6253.0
2022,식량,고구마,전국,21344.7208,337153.0
2022,식량,녹두,강원도,53.3716,55.0
2022,식량,녹두,전국,2402.5153,4750.0
2022,식량,논벼,강원도,28707.9803,140035.4135
2022,식량,논벼,전국,726653.8061,3661356.1005
2022,식량,단감,강원도,5.1837,20.0
2022,식량,단감,전국,9477.2304,103851.0
2022,과수,떫은감,강원도,281.9236,2323.0
2022,과수,떫은감,전국,12787.9276,114002.0
2022,과수,매실,강원도,105.2095,381.0
2022,과수,매실,전국,6392.2025,30727.0
2022,식량,맥주보리,강원도,0.0,0.0
2022,식량,맥주보리,전국,6039.5445,17793.6364
2022,식량,메밀,강원도,37.1182,29.0
2022,식량,메밀,전국,2258.9112,1982.0
2022,식량,밀,강원도,7.2984,18.0
2022,식량,밀,전국,8258.7957,34562.0
2022,식량,밭벼,강원도,0.0,0.0
2022,식량,밭벼,전국,400.046,1060.6897
2022,과수,배,강원도,137.1122,1565.0
2022,과수,배,전국,9679.9428,251093.0
2022,과수,복숭아,강원도,769.7912,5741.0
2022,과수,복숭아,전국,20314.4468,191310.0
2022,과수,사과,강원도,1630.2814,24852.0
2022,과수,사과,전국,34603.2895,566041.0
2022,식량,쌀보리,강원도,21.2394,56.9945
2022,식량,쌀보리,전국,12979.0022,37771.1352
2022,식량,옥수수,강원도,5004.0967,28118.0
2022,식량,옥수수,전국,15478.9387,91211.0
2022,식량,자두,강원도,135.462,973.0
2022,식량,자두,전국,6663.8401,52374.0
2022,식량,콩,강원도,4711.9139,8398.2415
2022,식량,콩,전국,63956.0804,129925.3497
2022,식량,팥,강원도,612.1305,743.0
2022,식량,팥,전국,3833.6083,5581.0
2022,과수,포도,강원도,222.2771,2439.0
2022,과수,포도,전국,14654.5187,188771.0
2023,과수,감,강원도,263.4432,2000.4805
2023,과수,감,전국,21794.2658,186263.5148
2023,과수,감귤,강원도,0.0,0.0
2023,과수,감귤,전국,22107.7871,607766.0
2023,식량,감자,강원도,5676.419,181242.9788
2023,식량,감자,전국,22525.4439,550292.5329
2023,식량,겉보리,강원도,37.3676,77.8377
2023,식량,겉보리,전국,6457.4939,17703.558
2023,식량,고구마,강원도,438.5291,6880.0
2023,식량,고구마,전국,18462.6203,299714.0
2023,식량,녹두,강원도,27.584,28.0
2023,식량,녹두,전국,1679.6158,2636.0
2023,식량,논벼,강원도,28333.3113,145681.1488
2023,식량,논벼,전국,707872.3902,3602292.4833
2023,식량,단감,강원도,7.0045,30.0
2023,식량,단감,전국,9203.354,84529.0
2023,과수,떫은감,강원도,256.4387,1971.0
2023,과수,떫은감,전국,12590.9118,101735.0
2023,과수,매실,강원도,116.5243,422.0
2023,과수,매실,전국,5926.9851,26262.0
2023,식량,맥주보리,강원도,0.0,0.0
2023,식량,맥주보리,전국,5948.5571,15294.0469
2023,식량,메밀,강원도,553.8929,435.0
2023,식량,메밀,전국,3486.2521,2975.0
2023,식량,밀,강원도,33.6141,89.0
2023,식량,밀,전국,11600.2743,51809.0
2023,식량,밭벼,강원도,1.5165,2.1922
2023,식량,밭벼,전국,139.8629,316.8375
2023,과수,배,강원도,140.0779,889.0236
2023,과수,배,전국,9607.1338,183801.7366
2023,과수,복숭아,강원도,814.7389,5679.0
2023,과수,복숭아,전국,20126.9397,182975.0
2023,과수,사과,강원도,1678.6857,19728.8
2023,과수,사과,전국,33788.9204,394428.0482
2023,식량,쌀보리,강원도,4.3221,8.8319
2023,식량,쌀보리,전국,12843.8545,33095.9206
2023,식량,옥수수,강원도,5392.7679,30334.0
2023,식량,옥수수,전국,15480.5079,92210.0
2023,식량,자두,강원도,113.7941,657.0
2023,식량,자두,전국,6471.6863,48527.0
2023,식량,콩,강원도,4030.5853,8913.3136
2023,식량,콩,전국,67671.0091,141476.7356
2023,식량,팥,강원도,567.1768,691.0
2023,식량,팥,전국,3689.8582,5256.0
2023,과수,포도,강원도,191.6144,2218.0
2023,과수,포도,전국,14705.768,195747.0
2019,채소,가지,강원도,179.0,6579.0
2019,채소,가지,전국,648.0,33871.0
2019,채소,건고추,강원도,2557.0,5791.0
2019,채소,건고추,전국,31644.0,78437.0
2019,채소,결구상추,강원도,170.0,3610.0
2019,채소,결구상추,전국,805.0,21591.0
2019,채소,꽃양배추,강원도,4.0,128.0
2019,채소,꽃양배추,전국,19.0,432.0
2019,채소,녹색꽃양배추,강원도,266.0,2401.0
2019,채소,녹색꽃양배추,전국,1980.0,22500.0
2019,채소,당근,강원도,293.0,7917.0
2019,채소,당근,전국,2069.0,67327.0
2019,채소,대파,강원도,867.0,27033.0
2019,채소,대파,전국,12488.0,355931.0
2019,채소,딸기,강원도,65.0,1382.0
2019,채소,딸기,전국,6462.0,234225.0
2019,채소,마늘,강원도,239.0,1865.0
2019,채소,마늘,전국,27689.0,387671.0
2019,채소,멜론,강원도,49.0,1256.0
2019,채소,멜론,전국,1502.0,39812.0
2019,채소,무,강원도,3062.0,121547.0
2019,채소,무,전국,19503.0,1110874.0
2019,채소,미나리,강원도,4.0,67.0
2019,채소,미나리,전국,1277.0,24727.0
2019,채소,배추,강원도,6491.0,367755.0
2019,채소,배추,전국,25836.0,1859705.0
2019,채소,부추,강원도,42.0,1012.0
2019,채소,부추,전국,1610.0,63607.0
2019,채소,상추,강원도,133.0,1792.0
2019,채소,상추,전국,3629.0,95582.0
2019,채소,샐러리,강원도,25.0,766.0
2019,채소,샐러리,전국,35.0,1048.0
2019,채소,생강,강원도,8.0,57.0
2019,채소,생강,전국,2324.0,24966.0
2019,채소,수박,강원도,233.0,11883.0
2019,채소,수박,전국,11973.0,475815.0
2019,채소,시금치,강원도,102.0,1604.0
2019,채소,시금치,전국,5189.0,70844.0
2019,채소,신선초,강원도,14.0,782.0
2019,채소,신선초,전국,29.0,1203.0
2019,채소,쑥갓,강원도,4.0,73.0
2019,채소,쑥갓,전국,312.0,6209.0
2019,채소,양배추,강원도,1501.0,67998.0
2019,채소,양배추,전국,6980.0,328198.0
2019,채소,양파,강원도,102.0,6112.0
2019,채소,양파,전국,21777.0,1594450.0
2019,채소,연근,강원도,1.0,28.0
2019,채소,연근,전국,641.0,11911.0
2019,채소,오이,강원도,806.0,37490.0
2019,채소,오이,전국,4962.0,366065.0
2019,채소,우엉,강원도,1.0,0.0
2019,채소,우엉,전국,149.0,2861.0
2019,채소,적채,강원도,37.0,988.0
2019,채소,적채,전국,308.0,10025.0
2019,채소,쪽파,강원도,172.0,2751.0
2019,채소,쪽파,전국,4682.0,107790.0
2019,채소,참외,강원도,26.0,583.0
2019,채소,참외,전국,3647.0,150234.0
2019,채소,케일,강원도,2.0,53.0
2019,채소,케일,전국,27.0,639.0
2019,채소,토란,강원도,9.0,172.0
2019,채소,토란,전국,161.0,1940.0
2019,채소,토마토,강원도,922.0,49125.0
2019,채소,토마토,전국,5706.0,358580.0
2019,채소,파세리,강원도,7.0,66.0
2019,채소,파세리,전국,27.0,444.0
2019,채소,파프리카,강원도,260.0,23083.0
2019,채소,파프리카,전국,728.0,80770.0
2019,채소,풋고추,강원도,959.0,31373.0
2019,채소,풋고추,전국,4256.0,175843.0
2019,채소,피망,강원도,261.0,8880.0
2019,채소,피망,전국,569.0,21847.0
2019,채소,호박,강원도,1091.0,28349.0
2019,채소,호박,전국,9874.0,343511.0
2020,채소,가지,강원도,157.0,5820.0
2020,채소,가지,전국,624.0,32588.0
2020,채소,건고추,강원도,2251.0,4578.0
2020,채소,건고추,전국,31146.0,60076.0
2020,채소,결구상추,강원도,188.0,4009.0
2020,채소,결구상추,전국,842.17,21393.0
2020,채소,꽃양배추,강원도,4.0,128.0
2020,채소,꽃양배추,전국,21.0,486.0
2020,채소,녹색꽃양배추,강원도,257.0,2301.0
2020,채소,녹색꽃양배추,전국,2073.0,26897.0
2020,채소,당근,강원도,485.0,14721.0
2020,채소,당근,전국,2954.0,100875.0
2020,채소,대파,강원도,1004.0,34213.0
2020,채소,대파,전국,10883.0,314685.0
2020,채소,딸기,강원도,78.0,1562.0
2020,채소,딸기,전국,5683.0,163646.0
2020,채소,마늘,강원도,236.0,2476.0
2020,채소,마늘,전국,25372.0,363432.0
2020,채소,멜론,강원도,50.0,1239.0
2020,채소,멜론,전국,1511.0,40622.0
2020,채소,무,강원도,3177.0,135043.0
2020,채소,무,전국,20519.0,1178631.0
2020,채소,미나리,강원도,4.0,67.0
2020,채소,미나리,전국,1278.0,24818.0
2020,채소,배추,강원도,6835.0,384800.0
2020,채소,배추,전국,30949.0,2242640.0
2020,채소,부추,강원도,40.0,984.0
2020,채소,부추,전국,1572.0,61193.0
2020,채소,상추,강원도,162.0,2157.0
2020,채소,상추,전국,3814.0,96774.0
2020,채소,샐러리,강원도,25.0,774.0
2020,채소,샐러리,전국,34.0,1009.0
2020,채소,생강,강원도,12.0,79.0
2020,채소,생강,전국,2906.0,31538.0
2020,채소,수박,강원도,307.0,15844.0
2020,채소,수박,전국,11748.0,489029.0
2020,채소,시금치,강원도,47.0,712.0
2020,채소,시금치,전국,4627.0,63005.0
2020,채소,신선초,강원도,13.0,723.0
2020,채소,신선초,전국,28.0,1142.0
2020,채소,쑥갓,강원도,4.0,54.0
2020,채소,쑥갓,전국,311.0,6162.0
2020,채소,양배추,강원도,1285.0,58594.0
2020,채소,양배추,전국,7091.0,313236.0
2020,채소,양파,강원도,76.0,4455.0
2020,채소,양파,전국,14673.0,1168227.0
2020,채소,연근,강원도,1.0,28.0
2020,채소,연근,전국,603.0,11340.0
2020,채소,오이,강원도,905.0,41476.0
2020,채소,오이,전국,4721.0,335596.0
2020,채소,우엉,강원도,1.0,0.0
2020,채소,우엉,전국,143.0,2666.0
2020,채소,적채,강원도,37.0,986.0
2020,채소,적채,전국,318.0,10035.0
2020,채소,쪽파,강원도,115.0,1806.0
2020,채소,쪽파,전국,4376.0,91410.0
2020,채소,참외,강원도,13.0,228.0
2020,채소,참외,전국,4653.0,198598.0
2020,채소,케일,강원도,2.0,53.0
2020,채소,케일,전국,27.0,677.0
2020,채소,토란,강원도,9.0,172.0
2020,채소,토란,전국,161.0,1989.0
2020,채소,토마토,강원도,906.0,47733.0
2020,채소,토마토,전국,5521.0,344048.0
2020,채소,파세리,강원도,6.0,63.0
2020,채소,파세리,전국,27.0,441.0
2020,채소,파프리카,강원도,258.0,22289.0
2020,채소,파프리카,전국,733.0,81841.0
2020,채소,풋고추,강원도,812.0,26467.0
2020,채소,풋고추,전국,4387.0,183348.0
2020,채소,피망,강원도,231.0,8159.0
2020,채소,피망,전국,533.0,20378.0
2020,채소,호박,강원도,995.0,26252.0
2020,채소,호박,전국,9565.0,325325.0
2021,채소,가지,강원도,156.0,5797.0
2021,채소,가지,전국,628.0,32533.0
2021,채소,건고추,강원도,2401.0,7430.0
2021,채소,건고추,전국,33373.0,92757.0
2021,채소,결구상추,강원도,197.0,4206.0
2021,채소,결구상추,전국,862.0,22124.0
2021,채소,꽃양배추,강원도,4.0,134.0
2021,채소,꽃양배추,전국,21.0,493.0
2021,채소,녹색꽃양배추,강원도,255.0,2278.0
2021,채소,녹색꽃양배추,전국,1884.0,21657.0
2021,채소,당근,강원도,570.0,17321.0
2021,채소,당근,전국,2976.0,112105.0
2021,채소,대파,강원도,967.0,33210.0
2021,채소,대파,전국,13174.0,387178.0
2021,채소,딸기,강원도,32.0,627.0
2021,채소,딸기,전국,6103.0,177480.0
2021,채소,마늘,강원도,314.0,2891.0
2021,채소,마늘,전국,21999.0,308532.0
2021,채소,멜론,강원도,49.0,1207.0
2021,채소,멜론,전국,1518.0,41265.0
2021,채소,무,강원도,3848.0,165611.0
2021,채소,무,전국,20272.0,1172345.0
2021,채소,미나리,강원도,4.0,66.0
2021,채소,미나리,전국,1332.0,26514.0
2021,채소,배추,강원도,7567.0,394259.0
2021,채소,배추,전국,30084.0,2017507.0
2021,채소,부추,강원도,39.0,942.0
2021,채소,부추,전국,1582.0,62508.0
2021,채소,상추,강원도,109.0,1610.0
2021,채소,상추,전국,3830.0,97137.0
2021,채소,샐러리,강원도,25.0,768.0
2021,채소,샐러리,전국,34.0,1002.0
2021,채소,생강,강원도,62.0,420.0
2021,채소,생강,전국,3231.0,35842.0
2021,채소,수박,강원도,307.0,15844.0
2021,채소,수박,전국,11748.0,489029.0
2021,채소,시금치,강원도,80.0,1345.0
2021,채소,시금치,전국,3749.0,54444.0
2021,채소,신선초,강원도,13.0,723.0
2021,채소,신선초,전국,28.0,1141.0
2021,채소,쑥갓,강원도,4.0,54.0
2021,채소,쑥갓,전국,322.0,6601.0
2021,채소,양배추,강원도,1592.0,73235.0
2021,채소,양배추,전국,8675.0,385940.0
2021,채소,양파,강원도,131.0,8480.0
2021,채소,양파,전국,18461.0,1576752.0
2021,채소,연근,강원도,1.0,27.0
2021,채소,연근,전국,600.0,11403.0
2021,채소,오이,강원도,715.0,32507.0
2021,채소,오이,전국,4121.0,283933.0
2021,채소,우엉,강원도,1.0,
2021,채소,우엉,전국,142.0,2653.0
2021,채소,적채,강원도,35.0,952.0
2021,채소,적채,전국,313.0,9297.0
2021,채소,쪽파,강원도,126.0,1937.0
2021,채소,쪽파,전국,5028.0,105984.0
2021,채소,참외,강원도,13.0,228.0
2021,채소,참외,전국,4653.0,198598.0
2021,채소,케일,강원도,2.0,53.0
2021,채소,케일,전국,26.0,657.0
2021,채소,토란,강원도,9.0,170.0
2021,채소,토란,전국,158.0,2053.0
2021,채소,토마토,강원도,885.0,46470.0
2021,채소,토마토,전국,6010.0,369383.0
2021,채소,파세리,강원도,6.0,63.0
2021,채소,파세리,전국,27.0,440.0
2021,채소,파프리카,강원도,258.0,22322.0
2021,채소,파프리카,전국,719.0,81165.0
2021,채소,풋고추,강원도,1039.0,33694.0
2021,채소,풋고추,전국,4388.0,168375.0
2021,채소,피망,강원도,231.0,8136.0
2021,채소,피망,전국,532.0,20200.0
2021,채소,호박,강원도,1044.0,27140.0
2021,채소,호박,전국,8221.0,242914.0
2022,채소,가지,강원도,173.0,5968.0
2022,채소,가지,전국,694.0,34152.0
2022,채소,건고추,강원도,2155.0,4977.0
2022,채소,건고추,전국,29770.0,68984.0
2022,채소,결구상추,강원도,229.0,5125.0
2022,채소,결구상추,전국,911.0,22989.0
2022,채소,꽃양배추,강원도,4.0,134.0
2022,채소,꽃양배추,전국,21.0,515.0
2022,채소,녹색꽃양배추,강원도,265.0,2429.0
2022,채소,녹색꽃양배추,전국,1991.0,23256.0
2022,채소,당근,강원도,161.0,4880.0
2022,채소,당근,전국,2199.0,81588.0
2022,채소,대파,강원도,1154.0,39361.0
2022,채소,대파,전국,10550.0,324056.0
2022,채소,딸기,강원도,33.0,704.0
2022,채소,딸기,전국,5745.0,158807.0
2022,채소,마늘,강원도,317.0,2594.0
2022,채소,마늘,전국,22362.0,272759.0
2022,채소,멜론,강원도,52.0,1302.0
2022,채소,멜론,전국,1767.0,48389.0
2022,채소,무,강원도,3476.0,151846.0
2022,채소,무,전국,19796.0,1190610.0
2022,채소,미나리,강원도,4.0,66.0
2022,채소,미나리,전국,1171.0,27485.0
2022,채소,배추,강원도,6939.0,387541.0
2022,채소,배추,전국,30538.0,2199070.0
2022,채소,부추,강원도,46.0,1155.0
2022,채소,부추,전국,1672.0,72505.0
2022,채소,상추,강원도,140.0,1923.0
2022,채소,상추,전국,3904.0,101831.0
2022,채소,샐러리,강원도,24.0,759.0
2022,채소,샐러리,전국,34.0,994.0
2022,채소,생강,강원도,12.0,80.0
2022,채소,생강,전국,1991.0,22137.0
2022,채소,수박,강원도,351.0,18247.0
2022,채소,수박,전국,11762.0,487167.0
2022,채소,시금치,강원도,52.0,849.0
2022,채소,시금치,전국,4332.0,54715.0
2022,채소,신선초,강원도,13.0,723.0
2022,채소,신선초,전국,28.0,1145.0
2022,채소,쑥갓,강원도,4.0,56.0
2022,채소,쑥갓,전국,300.0,5904.0
2022,채소,양배추,강원도,1702.0,78941.0
2022,채소,양배추,전국,7237.0,319123.0
2022,채소,양파,강원도,62.0,3136.0
2022,채소,양파,전국,17661.0,1195563.0
2022,채소,연근,강원도,1.0,27.0
2022,채소,연근,전국,628.0,11765.0
2022,채소,오이,강원도,723.0,34242.0
2022,채소,오이,전국,3836.0,281926.0
2022,채소,우엉,강원도,1.0,0.0
2022,채소,우엉,전국,141.0,2632.0
2022,채소,적채,강원도,37.0,922.0
2022,채소,적채,전국,323.0,9463.0
2022,채소,쪽파,강원도,143.0,2162.0
2022,채소,쪽파,전국,5827.0,124576.0
2022,채소,참외,강원도,18.0,338.0
2022,채소,참외,전국,4687.0,200495.0
2022,채소,케일,강원도,2.0,53.0
2022,채소,케일,전국,33.0,844.0
2022,채소,토란,강원도,9.0,167.0
2022,채소,토란,전국,164.0,2116.0
2022,채소,토마토,강원도,932.0,50120.0
2022,채소,토마토,전국,6111.0,378808.0
2022,채소,파세리,강원도,6.0,63.0
2022,채소,파세리,전국,27.0,440.0
2022,채소,파프리카,강원도,262.0,22511.0
2022,채소,파프리카,전국,726.0,82042.0
2022,채소,풋고추,강원도,880.0,27828.0
2022,채소,풋고추,전국,3758.0,146066.0
2022,채소,피망,강원도,249.0,8385.0
2022,채소,피망,전국,647.0,23480.0
2022,채소,호박,강원도,1049.0,27774.0
2022,채소,호박,전국,8249.0,263099.0
2023,채소,가지,강원도,168.0,5757.0
2023,채소,가지,전국,714.0,35727.0
2023,채소,건고추,강원도,2166.0,5785.0
2023,채소,건고추,전국,27132.0,61665.0
2023,채소,결구상추,강원도,258.0,5489.0
2023,채소,결구상추,전국,959.0,23925.0
2023,채소,꽃양배추,강원도,4.0,134.0
2023,채소,꽃양배추,전국,21.0,515.0
2023,채소,녹색꽃양배추,강원도,264.0,2446.0
2023,채소,녹색꽃양배추,전국,2327.0,28251.0
2023,채소,당근,강원도,167.0,5147.0
2023,채소,당근,전국,2486.0,88063.0
2023,채소,대파,강원도,1313.0,44495.0
2023,채소,대파,전국,11116.0,338070.0
2023,채소,딸기,강원도,37.0,699.0
2023,채소,딸기,전국,5600.0,159475.0
2023,채소,마늘,강원도,313.0,2674.0
2023,채소,마늘,전국,24700.0,318220.0
2023,채소,멜론,강원도,59.0,1445.0
2023,채소,멜론,전국,1783.0,47908.0
2023,채소,무,강원도,3841.0,156726.0
2023,채소,무,전국,21277.0,1225845.0
2023,채소,미나리,강원도,4.0,71.0
2023,채소,미나리,전국,1253.0,28742.0
2023,채소,배추,강원도,6873.0,372439.0
2023,채소,배추,전국,28912.0,2049047.0
2023,채소,부추,강원도,54.0,1296.0
2023,채소,부추,전국,1898.0,82261.0
2023,채소,상추,강원도,117.0,1960.0
2023,채소,상추,전국,4096.0,105255.0
2023,채소,샐러리,강원도,27.0,901.0
2023,채소,샐러리,전국,38.0,1145.0
2023,채소,생강,강원도,15.0,102.0
2023,채소,생강,전국,2096.0,22848.0
2023,채소,수박,강원도,280.0,14983.0
2023,채소,수박,전국,11276.0,465117.0
2023,채소,시금치,강원도,21.0,332.0
2023,채소,시금치,전국,4481.0,56283.0
2023,채소,신선초,강원도,13.0,715.0
2023,채소,신선초,전국,31.0,1194.0
2023,채소,쑥갓,강원도,5.0,70.0
2023,채소,쑥갓,전국,326.0,6428.0
2023,채소,양배추,강원도,1500.0,67205.0
2023,채소,양배추,전국,6436.0,262217.0
2023,채소,양파,강원도,99.0,5251.0
2023,채소,양파,전국,17282.0,1172848.0
2023,채소,연근,강원도,1.0,54.0
2023,채소,연근,전국,625.0,11603.0
2023,채소,오이,강원도,914.0,43431.0
2023,채소,오이,전국,4078.0,288253.0
2023,채소,우엉,강원도,1.0,0.0
2023,채소,우엉,전국,146.0,2708.0
2023,채소,적채,강원도,37.0,922.0
2023,채소,적채,전국,350.0,10369.0
2023,채소,쪽파,강원도,154.0,2612.0
2023,채소,쪽파,전국,5451.0,116232.0
2023,채소,참외,강원도,14.0,213.0
2023,채소,참외,전국,4580.0,208542.0
2023,채소,케일,강원도,2.0,47.0
2023,채소,케일,전국,37.0,904.0
2023,채소,토란,강원도,7.0,107.0
2023,채소,토란,전국,212.0,2511.0
2023,채소,토마토,강원도,841.0,45455.0
2023,채소,토마토,전국,5400.0,337996.0
2023,채소,파세리,강원도,6.0,63.0
2023,채소,파세리,전국,27.0,440.0
2023,채소,파프리카,강원도,334.0,29085.0
2023,채소,파프리카,전국,807.0,90407.0
2023,채소,풋고추,강원도,961.0,31071.0
2023,채소,풋고추,전국,3796.0,144748.0
2023,채소,피망,강원도,234.0,7950.0
2023,채소,피망,전국,640.0,23405.0
2023,채소,호박,강원도,1003.0,27533.0
2023,채소,호박,전국,9648.0,293789.0
2019,특약용작물,인삼,강원도,2916.6434,
2019,특약용작물,담배,강원도,176.5609,
2019,특약용작물,인삼,전국,22165.1753,
2019,특약용작물,담배,전국,4101.4237,
2020,특약용작물,인삼,강원도,2867.5221,
2020,특약용작물,담배,강원도,160.447,
2020,특약용작물,인삼,전국,20995.927,
2020,특약용작물,담배,전국,3978.5655,
2021,특약용작물,인삼,강원도,3110.8614000000002,
2021,특약용작물,담배,강원도,182.2915,
2021,특약용작물,인삼,전국,20776.579999999998,
2021,특약용작물,담배,전국,3196.6838000000002,
2022,특약용작물,인삼,강원도,3163.6809,
2022,특약용작물,담배,강원도,235.6778,
2022,특약용작물,인삼,전국,19308.9613,
2022,특약용작물,담배,전국,3107.1259,
2023,특약용작물,인삼,강원도,2943.6965999999998,
2023,특약용작물,담배,강원도,215.0976,
2023,특약용작물,인삼,전국,17266.0491,
2023,특약용작물,담배,전국,3024.7439,
2019,특약용작물,갈근(칡),강원도,0.0,0.0
2019,특약용작물,감초,강원도,3.0,12.0
2019,특약용작물,강활,강원도,7.0,22.0
2019,특약용작물,강황(울금),강원도,0.0,0.0
2019,특약용작물,건강(생강),강원도,0.0,0.0
2019,특약용작물,결명자,강원도,0.0,0.0
2019,특약용작물,고본,강원도,1.0,4.0
2019,특약용작물,구기자,강원도,3.0,7.0
2019,특약용작물,길경(도라지),강원도,153.0,1718.0
2019,특약용작물,느타리,강원도,7.0,2318.0
2019,특약용작물,닥나무,강원도,0.0,0.0
2019,특약용작물,단삼,강원도,0.0,0.0
2019,특약용작물,당귀(일당귀),강원도,5.0,9.0
2019,특약용작물,당귀(참당귀),강원도,258.0,828.0
2019,특약용작물,당삼(만삼),강원도,2.0,0.0
2019,특약용작물,대마(삼),강원도,3.0,3.0
2019,특약용작물,대황(금문대황장군풀),강원도,0.0,0.0
2019,특약용작물,독활(땅두릅),강원도,5.0,6.0
2019,특약용작물,두충(두충나무),강원도,1.0,10.0
2019,특약용작물,들깨,강원도,5730.0,5558.0
2019,특약용작물,땅콩,강원도,124.0,374.0
2019,특약용작물,맥문동(소엽맥문동),강원도,0.0,0.0
2019,특약용작물,면화,강원도,0.0,0.0
2019,특약용작물,목단피(목단모란),강원도,0.0,0.0
2019,특약용작물,박하,강원도,0.0,0.0
2019,특약용작물,백수오(은조롱),강원도,5.0,67.0
2019,특약용작물,백지(구릿대),강원도,0.0,0.0
2019,특약용작물,백출(삽주큰꽃삽주),강원도,0.0,0.0
2019,특약용작물,복분자(복분자딸기),강원도,30.0,149.0
2019,특약용작물,사삼(잔대),강원도,15.0,66.0
2019,특약용작물,산수유,강원도,0.0,0.0
2019,특약용작물,산약(마),강원도,4.0,19.0
2019,특약용작물,삼백초,강원도,0.0,0.0
2019,특약용작물,상황,강원도,0.0,0.0
2019,특약용작물,새송이,강원도,0.0,200.0
2019,특약용작물,석창포,강원도,0.0,0.0
2019,특약용작물,스테비아,강원도,0.0,0.0
2019,특약용작물,시호,강원도,1.0,2.0
2019,특약용작물,식방풍(갯기름나물),강원도,0.0,0.0
2019,특약용작물,신선초,강원도,19.0,577.0
2019,특약용작물,애엽(쑥황해쑥),강원도,2.0,1.0
2019,특약용작물,양송이,강원도,0.0,0.0
2019,특약용작물,양유(더덕),강원도,828.0,6245.0
2019,특약용작물,어성초(약모밀),강원도,0.0,0.0
2019,특약용작물,영지,강원도,0.0,0.0
2019,특약용작물,오가피(오갈피나무),강원도,33.0,112.0
2019,특약용작물,오미자,강원도,259.0,941.0
2019,특약용작물,완초(왕골),강원도,0.0,0.0
2019,특약용작물,우슬(쇠무릎),강원도,9.0,2.0
2019,특약용작물,위유(둥굴레옥죽),강원도,2.0,1.0
2019,특약용작물,유채,강원도,0.0,0.0
2019,특약용작물,의이인(율무),강원도,27.0,112.0
2019,특약용작물,익모초,강원도,0.0,0.0
2019,특약용작물,자소엽(차즈기),강원도,0.0,0.0
2019,특약용작물,작약,강원도,1.0,60.0
2019,특약용작물,저마(모시),강원도,0.0,0.0
2019,특약용작물,지모,강원도,0.0,0.0
2019,특약용작물,지황,강원도,0.0,0.0
2019,특약용작물,차,강원도,0.0,0.0
2019,특약용작물,참깨,강원도,731.0,440.0
2019,특약용작물,천궁,강원도,7.0,93.0
2019,특약용작물,천마,강원도,0.0,0.4
2019,특약용작물,치자,강원도,0.0,0.0
2019,특약용작물,치커리,강원도,4.0,56.0
2019,특약용작물,택사(질경이택사),강원도,0.0,0.0
2019,특약용작물,팽이,강원도,0.0,0.0
2019,특약용작물,하수오,강원도,3.0,7.0
2019,특약용작물,한인진(더위지기),강원도,1.0,15.0
2019,특약용작물,향부자,강원도,0.0,0.0
2019,특약용작물,현삼,강원도,0.0,0.0
2019,특약용작물,형개,강원도,0.0,0.0
2019,특약용작물,홍화(잇꽃),강원도,0.0,0.0
2019,특약용작물,황금(속썩은풀),강원도,0.0,0.0
2019,특약용작물,황기,강원도,53.0,305.0
2019,특약용작물,황정(층층갈고리둥굴레진황정),강원도,1.0,4.0
2020,특약용작물,갈근(칡),강원도,0.0,0.0
2020,특약용작물,감초,강원도,3.0,12.0
2020,특약용작물,강활,강원도,7.0,22.0
2020,특약용작물,강황(울금),강원도,0.0,0.0
2020,특약용작물,건강(생강),강원도,0.0,0.0
2020,특약용작물,결명자,강원도,0.0,0.0
2020,특약용작물,고본,강원도,1.0,4.0
2020,특약용작물,구기자,강원도,3.0,7.0
2020,특약용작물,길경(도라지),강원도,159.0,1689.0
2020,특약용작물,느타리,강원도,7.0,2329.0
2020,특약용작물,닥나무,강원도,0.0,0.0
2020,특약용작물,단삼,강원도,0.0,0.0
2020,특약용작물,당귀(일당귀),강원도,5.0,9.0
2020,특약용작물,당귀(참당귀),강원도,258.0,802.0
2020,특약용작물,당삼(만삼),강원도,2.0,0.0
2020,특약용작물,대마(삼),강원도,3.0,3.0
2020,특약용작물,대황(금문대황장군풀),강원도,0.0,0.0
2020,특약용작물,독활(땅두릅),강원도,5.0,6.0
2020,특약용작물,두충(두충나무),강원도,1.0,10.0
2020,특약용작물,들깨,강원도,6042.0,5498.0
2020,특약용작물,땅콩,강원도,120.0,347.0
2020,특약용작물,맥문동(소엽맥문동),강원도,0.0,0.0
2020,특약용작물,면화,강원도,0.0,0.0
2020,특약용작물,목단피(목단모란),강원도,0.0,0.0
2020,특약용작물,박하,강원도,0.0,0.0
2020,특약용작물,백수오(은조롱),강원도,3.0,39.0
2020,특약용작물,백지(구릿대),강원도,0.0,0.0
2020,특약용작물,백출(삽주큰꽃삽주),강원도,0.0,0.0
2020,특약용작물,복분자(복분자딸기),강원도,31.0,139.0
2020,특약용작물,사삼(잔대),강원도,6.0,66.0
2020,특약용작물,산수유,강원도,0.0,0.0
2020,특약용작물,산약(마),강원도,4.0,18.0
2020,특약용작물,삼백초,강원도,0.0,0.0
2020,특약용작물,상황,강원도,0.0,0.0
2020,특약용작물,새송이,강원도,0.0,200.0
2020,특약용작물,석창포,강원도,0.0,0.0
2020,특약용작물,스테비아,강원도,0.0,0.0
2020,특약용작물,시호,강원도,1.0,2.0
2020,특약용작물,식방풍(갯기름나물),강원도,0.0,0.0
2020,특약용작물,신령,강원도,0.0,0.0
2020,특약용작물,신선초,강원도,19.0,562.0
2020,특약용작물,애엽(쑥황해쑥),강원도,2.0,1.0
2020,특약용작물,양송이,강원도,0.0,8.0
2020,특약용작물,양유(더덕),강원도,814.0,5291.0
2020,특약용작물,어성초(약모밀),강원도,0.0,0.0
2020,특약용작물,영지,강원도,0.0,0.0
2020,특약용작물,오가피(오갈피나무),강원도,33.0,110.0
2020,특약용작물,오미자,강원도,265.0,841.0
2020,특약용작물,완초(왕골),강원도,0.0,0.0
2020,특약용작물,우슬(쇠무릎),강원도,2.0,2.0
2020,특약용작물,위유(둥굴레옥죽),강원도,2.0,4.0
2020,특약용작물,유채,강원도,0.0,0.0
2020,특약용작물,의이인(율무),강원도,27.0,108.0
2020,특약용작물,익모초,강원도,0.0,0.0
2020,특약용작물,자소엽(차즈기),강원도,0.0,0.0
2020,특약용작물,작약,강원도,1.0,64.0
2020,특약용작물,저마(모시),강원도,0.0,0.0
2020,특약용작물,지모,강원도,0.0,0.0
2020,특약용작물,지황,강원도,0.0,0.0
2020,특약용작물,차,강원도,0.0,0.0
2020,특약용작물,참깨,강원도,563.0,193.0
2020,특약용작물,천궁,강원도,7.0,89.0
2020,특약용작물,천마,강원도,0.0,0.0
2020,특약용작물,치자,강원도,0.0,0.0
2020,특약용작물,치커리,강원도,4.0,54.0
2020,특약용작물,택사(질경이택사),강원도,0.0,0.0
2020,특약용작물,팽이,강원도,0.0,0.0
2020,특약용작물,하수오,강원도,3.0,5.0
2020,특약용작물,한인진(더위지기),강원도,1.0,14.0
2020,특약용작물,향부자,강원도,0.0,0.0
2020,특약용작물,현삼,강원도,0.0,0.0
2020,특약용작물,형개,강원도,0.0,0.0
2020,특약용작물,홍화(잇꽃),강원도,0.0,0.0
2020,특약용작물,황금(속썩은풀),강원도,0.0,0.0
2020,특약용작물,황기,강원도,60.0,293.0
2020,특약용작물,황정(층층갈고리둥굴레진황정),강원도,1.0,4.0
2021,특약용작물,갈근(칡),강원도,0.0,0.0
2021,특약용작물,감초,강원도,1.0,10.0
2021,특약용작물,강활,강원도,7.0,20.0
2021,특약용작물,강황(울금),강원도,0.0,0.0
2021,특약용작물,건강(생강),강원도,0.0,0.0
2021,특약용작물,결명자,강원도,0.0,0.0
2021,특약용작물,고본,강원도,1.0,4.0
2021,특약용작물,구기자,강원도,3.0,7.0
2021,특약용작물,길경(도라지),강원도,162.0,1669.0
2021,특약용작물,느타리,강원도,8.0,2395.0
2021,특약용작물,닥나무,강원도,0.0,0.0
2021,특약용작물,단삼,강원도,0.0,0.0
2021,특약용작물,당귀(일당귀),강원도,5.0,9.0
2021,특약용작물,당귀(참당귀),강원도,255.0,787.0
2021,특약용작물,당삼(만삼),강원도,2.0,0.0
2021,특약용작물,대마(삼),강원도,3.0,3.0
2021,특약용작물,대황(금문대황장군풀),강원도,0.0,0.0
2021,특약용작물,독활(땅두릅),강원도,3.0,8.0
2021,특약용작물,두충(두충나무),강원도,1.0,10.0
2021,특약용작물,들깨,강원도,5926.0,6192.0
2021,특약용작물,땅콩,강원도,233.0,703.0
2021,특약용작물,맥문동(소엽맥문동),강원도,0.0,0.0
2021,특약용작물,면화,강원도,0.0,0.0
2021,특약용작물,목단피(목단모란),강원도,0.0,0.0
2021,특약용작물,박하,강원도,0.0,0.0
2021,특약용작물,백수오(은조롱),강원도,1.0,13.0
2021,특약용작물,백지(구릿대),강원도,0.0,0.0
2021,특약용작물,백출(삽주큰꽃삽주),강원도,0.0,0.0
2021,특약용작물,복분자(복분자딸기),강원도,31.0,139.0
2021,특약용작물,사삼(잔대),강원도,6.0,65.0
2021,특약용작물,산수유,강원도,0.0,0.0
2021,특약용작물,산약(마),강원도,3.0,14.0
2021,특약용작물,삼백초,강원도,0.0,0.0
2021,특약용작물,상황,강원도,0.0,0.0
2021,특약용작물,새송이,강원도,0.0,200.0
2021,특약용작물,석창포,강원도,0.0,0.0
2021,특약용작물,스테비아,강원도,0.0,0.0
2021,특약용작물,시호,강원도,1.0,2.0
2021,특약용작물,식방풍(갯기름나물),강원도,0.0,0.0
2021,특약용작물,신령,강원도,0.0,0.0
2021,특약용작물,신선초,강원도,19.0,562.0
2021,특약용작물,애엽(쑥황해쑥),강원도,1.0,1.0
2021,특약용작물,양송이,강원도,0.0,8.0
2021,특약용작물,양유(더덕),강원도,804.0,6042.0
2021,특약용작물,어성초(약모밀),강원도,0.0,0.0
2021,특약용작물,영지,강원도,0.0,0.0
2021,특약용작물,오가피(오갈피나무),강원도,33.0,108.0
2021,특약용작물,오미자,강원도,267.0,900.0
2021,특약용작물,완초(왕골),강원도,0.0,0.0
2021,특약용작물,우슬(쇠무릎),강원도,0.0,1.0
2021,특약용작물,위유(둥굴레옥죽),강원도,2.0,3.0
2021,특약용작물,유채,강원도,0.0,0.0
2021,특약용작물,의이인(율무),강원도,46.0,176.0
2021,특약용작물,익모초,강원도,0.0,0.0
2021,특약용작물,자소엽(차즈기),강원도,0.0,0.0
2021,특약용작물,작약,강원도,10.0,56.0
2021,특약용작물,저마(모시),강원도,0.0,0.0
2021,특약용작물,지모,강원도,0.0,0.0
2021,특약용작물,지황,강원도,0.0,0.0
2021,특약용작물,차,강원도,0.0,0.0
2021,특약용작물,참깨,강원도,439.0,294.0
2021,특약용작물,천궁,강원도,8.0,90.0
2021,특약용작물,천마,강원도,0.0,0.0
2021,특약용작물,치자,강원도,0.0,0.0
2021,특약용작물,치커리,강원도,3.0,57.0
2021,특약용작물,택사(질경이택사),강원도,0.0,0.0
2021,특약용작물,팽이,강원도,0.0,0.0
2021,특약용작물,하수오,강원도,1.0,5.0
2021,특약용작물,한인진(더위지기),강원도,2.0,18.0
2021,특약용작물,향부자,강원도,0.0,0.0
2021,특약용작물,현삼,강원도,0.0,0.0
2021,특약용작물,형개,강원도,0.0,0.0
2021,특약용작물,홍화(잇꽃),강원도,0.0,0.0
2021,특약용작물,황금(속썩은풀),강원도,0.0,0.0
2021,특약용작물,황기,강원도,58.0,321.0
2021,특약용작물,황정(층층갈고리둥굴레진황정),강원도,1.0,4.0
2022,특약용작물,갈근(칡),강원도,0.0,0.0
2022,특약용작물,감초,강원도,4.0,10.0
2022,특약용작물,강활,강원도,5.0,16.0
2022,특약용작물,강황(울금),강원도,2.0,5.0
2022,특약용작물,건강(생강),강원도,0.0,0.0
2022,특약용작물,결명자,강원도,0.0,0.0
2022,특약용작물,고본,강원도,1.0,2.0
2022,특약용작물,구기자,강원도,3.0,7.0
2022,특약용작물,길경(도라지),강원도,174.0,1648.0
2022,특약용작물,느타리,강원도,8.0,2471.0
2022,특약용작물,닥나무,강원도,0.0,0.0
2022,특약용작물,단삼,강원도,0.0,0.0
2022,특약용작물,당귀(일당귀),강원도,5.0,9.0
2022,특약용작물,당귀(참당귀),강원도,254.0,816.0
2022,특약용작물,당삼(만삼),강원도,2.0,0.0
2022,특약용작물,대마(삼),강원도,1.0,1.0
2022,특약용작물,대황(금문대황장군풀),강원도,0.0,0.0
2022,특약용작물,독활(땅두릅),강원도,11.0,12.0
2022,특약용작물,두충(두충나무),강원도,2.0,10.0
2022,특약용작물,들깨,강원도,6016.0,7845.0
2022,특약용작물,땅콩,강원도,195.0,577.0
2022,특약용작물,맥문동(소엽맥문동),강원도,0.0,0.0
2022,특약용작물,면화,강원도,0.0,0.0
2022,특약용작물,목단피(목단모란),강원도,0.0,0.0
2022,특약용작물,박하,강원도,0.0,0.0
2022,특약용작물,백수오(은조롱),강원도,1.0,13.0
2022,특약용작물,백지(구릿대),강원도,0.0,0.0
2022,특약용작물,백출(삽주큰꽃삽주),강원도,0.0,0.0
2022,특약용작물,복분자(복분자딸기),강원도,30.0,140.0
2022,특약용작물,사삼(잔대),강원도,6.0,65.0
2022,특약용작물,산수유,강원도,0.0,0.0
2022,특약용작물,산약(마),강원도,3.0,13.0
2022,특약용작물,삼백초,강원도,0.0,0.0
2022,특약용작물,상황,강원도,0.0,0.0
2022,특약용작물,새송이,강원도,0.0,205.0
2022,특약용작물,석창포,강원도,0.0,0.0
2022,특약용작물,스테비아,강원도,0.0,0.0
2022,특약용작물,시호,강원도,1.0,2.0
2022,특약용작물,식방풍(갯기름나물),강원도,0.0,0.0
2022,특약용작물,신령,강원도,0.0,0.0
2022,특약용작물,신선초,강원도,19.0,563.0
2022,특약용작물,애엽(쑥황해쑥),강원도,1.0,0.0
2022,특약용작물,양송이,강원도,0.0,8.0
2022,특약용작물,양유(더덕),강원도,793.0,6460.0
2022,특약용작물,어성초(약모밀),강원도,0.0,0.0
2022,특약용작물,영지,강원도,0.0,2.0
2022,특약용작물,오가피(오갈피나무),강원도,34.0,113.0
2022,특약용작물,오미자,강원도,256.0,882.0
2022,특약용작물,완초(왕골),강원도,0.0,0.0
2022,특약용작물,우슬(쇠무릎),강원도,2.0,4.0
2022,특약용작물,위유(둥굴레옥죽),강원도,2.0,1.0
2022,특약용작물,유채,강원도,0.0,0.0
2022,특약용작물,의이인(율무),강원도,27.0,97.0
2022,특약용작물,익모초,강원도,0.0,0.0
2022,특약용작물,자소엽(차즈기),강원도,0.0,0.0
2022,특약용작물,작약,강원도,10.0,96.0
2022,특약용작물,저마(모시),강원도,0.0,0.0
2022,특약용작물,지모,강원도,0.0,0.0
2022,특약용작물,지황,강원도,0.0,0.0
2022,특약용작물,차,강원도,0.0,0.0
2022,특약용작물,참깨,강원도,538.0,285.0
2022,특약용작물,천궁,강원도,17.0,30.0
2022,특약용작물,천마,강원도,0.0,0.0
2022,특약용작물,치자,강원도,0.0,0.0
2022,특약용작물,치커리,강원도,4.0,62.0
2022,특약용작물,택사(질경이택사),강원도,0.0,0.0
2022,특약용작물,팽이,강원도,0.0,0.0
2022,특약용작물,하수오,강원도,1.0,6.0
2022,특약용작물,한인진(더위지기),강원도,1.0,17.0
2022,특약용작물,향부자,강원도,0.0,0.0
2022,특약용작물,현삼,강원도,0.0,0.0
2022,특약용작물,형개,강원도,0.0,0.0
2022,특약용작물,홍화(잇꽃),강원도,0.0,0.0
2022,특약용작물,황금(속썩은풀),강원도,0.0,0.0
2022,특약용작물,황기,강원도,62.0,237.0
2022,특약용작물,황정(층층갈고리둥굴레진황정),강원도,1.0,4.0
2023,특약용작물,갈근(칡),강원도,0.0,0.0
2023,특약용작물,감초,강원도,4.0,10.0
2023,특약용작물,강활,강원도,5.0,16.0
2023,특약용작물,강황(울금),강원도,0.0,0.0
2023,특약용작물,건강(생강),강원도,0.0,0.0
2023,특약용작물,결명자,강원도,0.0,0.0
2023,특약용작물,고본,강원도,1.0,2.0
2023,특약용작물,구기자,강원도,3.0,7.0
2023,특약용작물,길경(도라지),강원도,169.0,1537.0
2023,특약용작물,느타리,강원도,8.0,2695.0
2023,특약용작물,닥나무,강원도,0.0,0.0
2023,특약용작물,단삼,강원도,0.0,0.0
2023,특약용작물,당귀(일당귀),강원도,5.0,9.0
2023,특약용작물,당귀(참당귀),강원도,253.0,788.0
2023,특약용작물,당삼(만삼),강원도,2.0,0.0
2023,특약용작물,대마(삼),강원도,1.0,1.0
2023,특약용작물,대황(금문대황장군풀),강원도,0.0,0.0
2023,특약용작물,독활(땅두릅),강원도,8.0,12.0
2023,특약용작물,두충(두충나무),강원도,2.0,10.0
2023,특약용작물,들깨,강원도,6026.0,8322.0
2023,특약용작물,땅콩,강원도,188.0,555.0
2023,특약용작물,맥문동(소엽맥문동),강원도,0.0,0.0
2023,특약용작물,면화,강원도,0.0,0.0
2023,특약용작물,목단피(목단모란),강원도,0.0,0.0
2023,특약용작물,박하,강원도,0.0,0.0
2023,특약용작물,백수오(은조롱),강원도,1.0,13.0
2023,특약용작물,백지(구릿대),강원도,0.0,0.0
2023,특약용작물,백출(삽주큰꽃삽주),강원도,0.0,0.0
2023,특약용작물,복분자(복분자딸기),강원도,30.0,138.0
2023,특약용작물,사삼(잔대),강원도,6.0,64.0
2023,특약용작물,산수유,강원도,0.0,0.0
2023,특약용작물,산약(마),강원도,4.0,23.0
2023,특약용작물,삼백초,강원도,0.0,0.0
2023,특약용작물,상황,강원도,0.0,0.0
2023,특약용작물,새송이,강원도,0.0,205.0
2023,특약용작물,석창포,강원도,0.0,0.0
2023,특약용작물,스테비아,강원도,0.0,0.0
2023,특약용작물,시호,강원도,1.0,2.0
2023,특약용작물,식방풍(갯기름나물),강원도,0.0,0.0
2023,특약용작물,신령,강원도,0.0,0.0
2023,특약용작물,신선초,강원도,0.0,0.0
2023,특약용작물,애엽(쑥황해쑥),강원도,1.0,1.0
2023,특약용작물,양송이,강원도,0.0,8.0
2023,특약용작물,양유(더덕),강원도,808.0,6444.0
2023,특약용작물,어성초(약모밀),강원도,0.0,0.0
2023,특약용작물,영지,강원도,0.0,0.0
2023,특약용작물,오가피(오갈피나무),강원도,34.0,97.0
2023,특약용작물,오미자,강원도,259.0,885.0
2023,특약용작물,완초(왕골),강원도,0.0,0.0
2023,특약용작물,우슬(쇠무릎),강원도,1.0,4.0
2023,특약용작물,위유(둥굴레옥죽),강원도,1.0,0.0
2023,특약용작물,유채,강원도,0.0,0.0
2023,특약용작물,의이인(율무),강원도,27.0,98.0
2023,특약용작물,익모초,강원도,0.0,0.0
2023,특약용작물,자소엽(차즈기),강원도,0.0,0.0
2023,특약용작물,작약,강원도,10.0,96.0
2023,특약용작물,저마(모시),강원도,0.0,0.0
2023,특약용작물,지모,강원도,0.0,0.0
2023,특약용작물,지황,강원도,0.0,0.0
2023,특약용작물,차,강원도,0.0,0.0
2023,특약용작물,참깨,강원도,573.0,310.0
2023,특약용작물,천궁,강원도,17.0,29.0
2023,특약용작물,천마,강원도,0.0,0.0
2023,특약용작물,치자,강원도,0.0,0.0
2023,특약용작물,치커리,강원도,3.0,61.0
2023,특약용작물,택사(질경이택사),강원도,0.0,0.0
2023,특약용작물,팽이,강원도,0.0,0.0
2023,특약용작물,하수오,강원도,1.0,5.0
2023,특약용작물,한인진(더위지기),강원도,1.0,15.0
2023,특약용작물,향부자,강원도,0.0,0.0
2023,특약용작물,현삼,강원도,0.0,0.0
2023,특약용작물,형개,강원도,0.0,0.0
2023,특약용작물,홍화(잇꽃),강원도,0.0,0.0
2023,특약용작물,황금(속썩은풀),강원도,0.0,0.0
2023,특약용작물,황기,강원도,60.0,239.0
2023,특약용작물,황정(층층갈고리둥굴레진황정),강원도,1.0,4.0
2019,특약용작물,갈근(칡),전국,4.0,11.0
2019,특약용작물,감초,전국,36.0,218.0
2019,특약용작물,강활,전국,37.0,127.0
2019,특약용작물,강황(울금),전국,30.0,331.0
2019,특약용작물,건강(생강),전국,756.0,8926.0
2019,특약용작물,결명자,전국,19.0,53.0
2019,특약용작물,고본,전국,12.0,24.0
2019,특약용작물,구기자,전국,108.0,367.0
2019,특약용작물,길경(도라지),전국,612.0,5042.0
2019,특약용작물,느타리,전국,139.0,48329.0
2019,특약용작물,닥나무,전국,4.0,7.0
2019,특약용작물,단삼,전국,4.0,8.0
2019,특약용작물,당귀(일당귀),전국,39.0,207.0
2019,특약용작물,당귀(참당귀),전국,442.0,1266.0
2019,특약용작물,당삼(만삼),전국,9.0,24.0
2019,특약용작물,대마(삼),전국,19.0,42.0
2019,특약용작물,대황(금문대황장군풀),전국,0.0,0.0
2019,특약용작물,독활(땅두릅),전국,310.0,1314.0
2019,특약용작물,두충(두충나무),전국,44.0,138.0
2019,특약용작물,들깨,전국,37376.0,42341.0
2019,특약용작물,땅콩,전국,3235.0,8219.0
2019,특약용작물,맥문동(소엽맥문동),전국,31.0,63.0
2019,특약용작물,면화,전국,1.0,1.0
2019,특약용작물,목단피(목단모란),전국,2.0,6.0
2019,특약용작물,박하,전국,2.0,2.0
2019,특약용작물,백수오(은조롱),전국,110.0,360.0
2019,특약용작물,백지(구릿대),전국,7.0,38.0
2019,특약용작물,백출(삽주큰꽃삽주),전국,51.0,103.0
2019,특약용작물,복분자(복분자딸기),전국,740.0,5497.0
2019,특약용작물,사삼(잔대),전국,32.0,190.0
2019,특약용작물,산수유,전국,299.0,225.0
2019,특약용작물,산약(마),전국,731.0,8813.0
2019,특약용작물,삼백초,전국,7.0,42.0
2019,특약용작물,상황,전국,15.0,75.0
2019,특약용작물,새송이,전국,96.0,46817.0
2019,특약용작물,석창포,전국,2.0,20.0
2019,특약용작물,스테비아,전국,1.0,0.0
2019,특약용작물,시호,전국,11.0,59.0
2019,특약용작물,식방풍(갯기름나물),전국,137.0,1352.0
2019,특약용작물,신선초,전국,26.0,818.0
2019,특약용작물,애엽(쑥황해쑥),전국,77.0,604.0
2019,특약용작물,양송이,전국,124.0,21914.0
2019,특약용작물,양유(더덕),전국,1561.0,11363.0
2019,특약용작물,어성초(약모밀),전국,13.0,93.3
2019,특약용작물,영지,전국,9.0,80.0
2019,특약용작물,오가피(오갈피나무),전국,161.0,649.0
2019,특약용작물,오미자,전국,2075.0,7733.0
2019,특약용작물,완초(왕골),전국,4.0,19.0
2019,특약용작물,우슬(쇠무릎),전국,77.0,88.0
2019,특약용작물,위유(둥굴레옥죽),전국,8.0,13.0
2019,특약용작물,유채,전국,145.0,174.0
2019,특약용작물,의이인(율무),전국,552.0,1059.0
2019,특약용작물,익모초,전국,0.0,1.0
2019,특약용작물,자소엽(차즈기),전국,3.0,14.0
2019,특약용작물,작약,전국,184.0,3481.0
2019,특약용작물,저마(모시),전국,25.0,104.0
2019,특약용작물,지모,전국,0.0,0.0
2019,특약용작물,지황,전국,133.0,1009.0
2019,특약용작물,차,전국,2652.0,4757.0
2019,특약용작물,참깨,전국,25161.0,12987.0
2019,특약용작물,천궁,전국,121.0,1092.0
2019,특약용작물,천마,전국,53.0,443.59999999999997
2019,특약용작물,치자,전국,32.0,105.0
2019,특약용작물,치커리,전국,11.0,213.0
2019,특약용작물,택사(질경이택사),전국,11.0,33.0
2019,특약용작물,팽이,전국,34.0,31818.0
2019,특약용작물,하수오,전국,59.0,122.0
2019,특약용작물,한인진(더위지기),전국,1.0,15.0
2019,특약용작물,향부자,전국,22.0,119.0
2019,특약용작물,현삼,전국,9.0,28.0
2019,특약용작물,형개,전국,3.0,6.0
2019,특약용작물,홍화(잇꽃),전국,76.0,209.0
2019,특약용작물,황금(속썩은풀),전국,4.0,12.0
2019,특약용작물,황기,전국,152.0,547.0
2019,특약용작물,황정(층층갈고리둥굴레진황정),전국,37.0,107.0
2020,특약용작물,갈근(칡),전국,3.0,10.0
2020,특약용작물,감초,전국,36.0,208.0
2020,특약용작물,강활,전국,37.0,127.0
2020,특약용작물,강황(울금),전국,31.0,360.0
2020,특약용작물,건강(생강),전국,745.0,8685.0
2020,특약용작물,결명자,전국,20.0,44.0
2020,특약용작물,고본,전국,12.0,23.0
2020,특약용작물,구기자,전국,116.0,391.0
2020,특약용작물,길경(도라지),전국,613.0,4507.0
2020,특약용작물,느타리,전국,144.0,45726.0
2020,특약용작물,닥나무,전국,2.0,5.0
2020,특약용작물,단삼,전국,6.0,70.0
2020,특약용작물,당귀(일당귀),전국,40.0,203.0
2020,특약용작물,당귀(참당귀),전국,442.0,1229.0
2020,특약용작물,당삼(만삼),전국,9.0,14.0
2020,특약용작물,대마(삼),전국,19.0,41.0
2020,특약용작물,대황(금문대황장군풀),전국,0.0,1.0
2020,특약용작물,독활(땅두릅),전국,314.0,1290.0
2020,특약용작물,두충(두충나무),전국,40.0,124.0
2020,특약용작물,들깨,전국,36112.0,38784.0
2020,특약용작물,땅콩,전국,3742.0,9512.0
2020,특약용작물,맥문동(소엽맥문동),전국,30.0,60.0
2020,특약용작물,면화,전국,1.0,1.0
2020,특약용작물,목단피(목단모란),전국,2.0,6.0
2020,특약용작물,박하,전국,2.0,2.0
2020,특약용작물,백수오(은조롱),전국,104.0,261.0
2020,특약용작물,백지(구릿대),전국,7.0,38.0
2020,특약용작물,백출(삽주큰꽃삽주),전국,49.0,87.0
2020,특약용작물,복분자(복분자딸기),전국,694.0,4228.0
2020,특약용작물,사삼(잔대),전국,23.0,151.0
2020,특약용작물,산수유,전국,298.0,225.0
2020,특약용작물,산약(마),전국,645.0,7794.0
2020,특약용작물,삼백초,전국,6.0,41.0
2020,특약용작물,상황,전국,17.0,84.0
2020,특약용작물,새송이,전국,100.0,47766.0
2020,특약용작물,석창포,전국,2.0,20.0
2020,특약용작물,스테비아,전국,1.0,0.0
2020,특약용작물,시호,전국,11.0,57.0
2020,특약용작물,식방풍(갯기름나물),전국,136.0,1347.0
2020,특약용작물,신령,전국,0.0,1.0
2020,특약용작물,신선초,전국,26.0,762.0
2020,특약용작물,애엽(쑥황해쑥),전국,72.0,599.0
2020,특약용작물,양송이,전국,107.0,20493.0
2020,특약용작물,양유(더덕),전국,1593.0,8444.0
2020,특약용작물,어성초(약모밀),전국,17.0,134.0
2020,특약용작물,영지,전국,10.0,80.0
2020,특약용작물,오가피(오갈피나무),전국,157.0,600.0
2020,특약용작물,오미자,전국,2040.0,6904.0
2020,특약용작물,완초(왕골),전국,4.0,18.0
2020,특약용작물,우슬(쇠무릎),전국,35.0,63.0
2020,특약용작물,위유(둥굴레옥죽),전국,9.0,15.0
2020,특약용작물,유채,전국,153.0,189.0
2020,특약용작물,의이인(율무),전국,500.0,931.0
2020,특약용작물,익모초,전국,0.0,2.0
2020,특약용작물,자소엽(차즈기),전국,5.0,17.0
2020,특약용작물,작약,전국,161.0,1848.0
2020,특약용작물,저마(모시),전국,25.0,103.0
2020,특약용작물,지모,전국,0.0,0.0
2020,특약용작물,지황,전국,137.0,1007.0
2020,특약용작물,차,전국,2507.0,4061.0
2020,특약용작물,참깨,전국,22930.0,6794.0
2020,특약용작물,천궁,전국,130.0,1104.0
2020,특약용작물,천마,전국,56.0,488.0
2020,특약용작물,치자,전국,30.0,99.0
2020,특약용작물,치커리,전국,12.0,245.0
2020,특약용작물,택사(질경이택사),전국,11.0,32.0
2020,특약용작물,팽이,전국,34.0,26128.0
2020,특약용작물,하수오,전국,58.0,120.0
2020,특약용작물,한인진(더위지기),전국,1.0,14.0
2020,특약용작물,향부자,전국,22.0,119.0
2020,특약용작물,현삼,전국,9.0,24.0
2020,특약용작물,형개,전국,2.0,5.0
2020,특약용작물,홍화(잇꽃),전국,52.0,121.0
2020,특약용작물,황금(속썩은풀),전국,4.0,12.0
2020,특약용작물,황기,전국,156.0,525.0
2020,특약용작물,황정(층층갈고리둥굴레진황정),전국,35.0,73.0
2021,특약용작물,갈근(칡),전국,3.0,10.0
2021,특약용작물,감초,전국,35.0,215.0
2021,특약용작물,강활,전국,43.0,139.0
2021,특약용작물,강황(울금),전국,28.0,340.0
2021,특약용작물,건강(생강),전국,724.0,8159.0
2021,특약용작물,결명자,전국,10.0,30.0
2021,특약용작물,고본,전국,11.0,22.0
2021,특약용작물,구기자,전국,141.0,476.0
2021,특약용작물,길경(도라지),전국,618.0,4994.0
2021,특약용작물,느타리,전국,141.0,47084.0
2021,특약용작물,닥나무,전국,2.0,5.0
2021,특약용작물,단삼,전국,6.0,67.0
2021,특약용작물,당귀(일당귀),전국,46.0,250.0
2021,특약용작물,당귀(참당귀),전국,443.0,1224.0
2021,특약용작물,당삼(만삼),전국,9.0,25.0
2021,특약용작물,대마(삼),전국,16.0,30.0
2021,특약용작물,대황(금문대황장군풀),전국,0.0,1.0
2021,특약용작물,독활(땅두릅),전국,305.0,1285.0
2021,특약용작물,두충(두충나무),전국,38.0,128.0
2021,특약용작물,들깨,전국,37407.0,42493.0
2021,특약용작물,땅콩,전국,4082.0,10671.0
2021,특약용작물,맥문동(소엽맥문동),전국,32.0,62.0
2021,특약용작물,면화,전국,1.0,1.0
2021,특약용작물,목단피(목단모란),전국,1.0,3.0
2021,특약용작물,박하,전국,2.0,2.0
2021,특약용작물,백수오(은조롱),전국,97.0,220.0
2021,특약용작물,백지(구릿대),전국,7.0,37.0
2021,특약용작물,백출(삽주큰꽃삽주),전국,48.0,79.0
2021,특약용작물,복분자(복분자딸기),전국,687.0,4319.0
2021,특약용작물,사삼(잔대),전국,23.0,177.0
2021,특약용작물,산수유,전국,274.0,214.0
2021,특약용작물,산약(마),전국,638.0,8075.0
2021,특약용작물,삼백초,전국,6.0,41.0
2021,특약용작물,상황,전국,16.0,83.0
2021,특약용작물,새송이,전국,103.0,49897.0
2021,특약용작물,석창포,전국,2.0,17.0
2021,특약용작물,스테비아,전국,1.0,0.0
2021,특약용작물,시호,전국,10.0,57.0
2021,특약용작물,식방풍(갯기름나물),전국,135.0,1319.0
2021,특약용작물,신령,전국,1.0,5.0
2021,특약용작물,신선초,전국,25.0,759.0
2021,특약용작물,애엽(쑥황해쑥),전국,71.0,590.0
2021,특약용작물,양송이,전국,76.0,9258.0
2021,특약용작물,양유(더덕),전국,1561.0,11655.0
2021,특약용작물,어성초(약모밀),전국,16.0,128.0
2021,특약용작물,영지,전국,12.0,103.0
2021,특약용작물,오가피(오갈피나무),전국,159.0,582.0
2021,특약용작물,오미자,전국,1909.0,6509.0
2021,특약용작물,완초(왕골),전국,4.0,18.0
2021,특약용작물,우슬(쇠무릎),전국,35.0,65.0
2021,특약용작물,위유(둥굴레옥죽),전국,8.0,14.0
2021,특약용작물,유채,전국,149.0,184.0
2021,특약용작물,의이인(율무),전국,504.0,915.0
2021,특약용작물,익모초,전국,0.0,2.0
2021,특약용작물,자소엽(차즈기),전국,5.0,15.0
2021,특약용작물,작약,전국,159.0,1874.0
2021,특약용작물,저마(모시),전국,22.0,95.0
2021,특약용작물,지모,전국,0.0,0.0
2021,특약용작물,지황,전국,87.0,550.0
2021,특약용작물,차,전국,2554.0,3575.0
2021,특약용작물,참깨,전국,19218.0,10090.0
2021,특약용작물,천궁,전국,128.0,1123.0
2021,특약용작물,천마,전국,54.0,504.0
2021,특약용작물,치자,전국,28.0,93.0
2021,특약용작물,치커리,전국,11.0,241.0
2021,특약용작물,택사(질경이택사),전국,11.0,32.0
2021,특약용작물,팽이,전국,35.0,27038.0
2021,특약용작물,하수오,전국,53.0,115.0
2021,특약용작물,한인진(더위지기),전국,2.0,18.0
2021,특약용작물,향부자,전국,22.0,119.0
2021,특약용작물,현삼,전국,9.0,24.0
2021,특약용작물,형개,전국,2.0,6.0
2021,특약용작물,홍화(잇꽃),전국,33.0,93.0
2021,특약용작물,황금(속썩은풀),전국,4.0,7.0
2021,특약용작물,황기,전국,154.0,552.0
2021,특약용작물,황정(층층갈고리둥굴레진황정),전국,35.0,72.0
2022,특약용작물,갈근(칡),전국,3.0,10.0
2022,특약용작물,감초,전국,39.0,238.0
2022,특약용작물,강활,전국,40.0,129.0
2022,특약용작물,강황(울금),전국,21.0,144.0
2022,특약용작물,건강(생강),전국,705.0,7840.0
2022,특약용작물,결명자,전국,9.0,34.0
2022,특약용작물,고본,전국,11.0,20.0
2022,특약용작물,구기자,전국,138.0,479.0
2022,특약용작물,길경(도라지),전국,625.0,4937.0
2022,특약용작물,느타리,전국,143.0,49951.0
2022,특약용작물,닥나무,전국,2.0,5.0
2022,특약용작물,단삼,전국,6.0,67.0
2022,특약용작물,당귀(일당귀),전국,50.0,264.0
2022,특약용작물,당귀(참당귀),전국,450.0,1312.0
2022,특약용작물,당삼(만삼),전국,9.0,25.0
2022,특약용작물,대마(삼),전국,30.0,107.0
2022,특약용작물,대황(금문대황장군풀),전국,0.0,1.0
2022,특약용작물,독활(땅두릅),전국,291.0,1308.0
2022,특약용작물,두충(두충나무),전국,35.0,125.0
2022,특약용작물,들깨,전국,40414.0,47579.0
2022,특약용작물,땅콩,전국,4062.0,10711.0
2022,특약용작물,맥문동(소엽맥문동),전국,33.0,81.0
2022,특약용작물,면화,전국,1.0,1.0
2022,특약용작물,목단피(목단모란),전국,1.0,6.0
2022,특약용작물,박하,전국,2.0,2.0
2022,특약용작물,백수오(은조롱),전국,98.0,227.0
2022,특약용작물,백지(구릿대),전국,7.0,37.0
2022,특약용작물,백출(삽주큰꽃삽주),전국,52.0,99.0
2022,특약용작물,복분자(복분자딸기),전국,685.0,4544.0
2022,특약용작물,사삼(잔대),전국,23.0,180.0
2022,특약용작물,산수유,전국,272.0,211.0
2022,특약용작물,산약(마),전국,629.0,7988.0
2022,특약용작물,삼백초,전국,7.0,42.0
2022,특약용작물,상황,전국,16.0,83.0
2022,특약용작물,새송이,전국,98.0,49864.0
2022,특약용작물,석창포,전국,2.0,17.0
2022,특약용작물,스테비아,전국,1.0,0.0
2022,특약용작물,시호,전국,10.0,57.0
2022,특약용작물,식방풍(갯기름나물),전국,135.0,1297.0
2022,특약용작물,신령,전국,1.0,6.0
2022,특약용작물,신선초,전국,26.0,760.0
2022,특약용작물,애엽(쑥황해쑥),전국,129.0,589.0
2022,특약용작물,양송이,전국,87.0,7954.0
2022,특약용작물,양유(더덕),전국,1512.0,11927.0
2022,특약용작물,어성초(약모밀),전국,13.0,106.0
2022,특약용작물,영지,전국,13.0,105.0
2022,특약용작물,오가피(오갈피나무),전국,147.0,561.0
2022,특약용작물,오미자,전국,1856.0,6417.0
2022,특약용작물,완초(왕골),전국,3.0,17.0
2022,특약용작물,우슬(쇠무릎),전국,47.0,93.0
2022,특약용작물,위유(둥굴레옥죽),전국,8.0,13.0
2022,특약용작물,유채,전국,154.0,191.0
2022,특약용작물,의이인(율무),전국,472.0,861.0
2022,특약용작물,익모초,전국,0.0,0.0
2022,특약용작물,자소엽(차즈기),전국,4.0,14.0
2022,특약용작물,작약,전국,170.0,2057.0
2022,특약용작물,저마(모시),전국,21.0,93.0
2022,특약용작물,지모,전국,0.0,0.0
2022,특약용작물,지황,전국,85.0,548.0
2022,특약용작물,차,전국,2501.0,3581.0
2022,특약용작물,참깨,전국,22041.0,11680.0
2022,특약용작물,천궁,전국,122.0,958.0
2022,특약용작물,천마,전국,57.0,540.0
2022,특약용작물,치자,전국,27.0,90.0
2022,특약용작물,치커리,전국,11.0,255.0
2022,특약용작물,택사(질경이택사),전국,11.0,32.0
2022,특약용작물,팽이,전국,34.0,26478.0
2022,특약용작물,하수오,전국,53.0,102.0
2022,특약용작물,한인진(더위지기),전국,3.0,22.0
2022,특약용작물,향부자,전국,22.0,119.0
2022,특약용작물,현삼,전국,9.0,24.0
2022,특약용작물,형개,전국,2.0,6.0
2022,특약용작물,홍화(잇꽃),전국,32.0,91.0
2022,특약용작물,황금(속썩은풀),전국,4.0,7.0
2022,특약용작물,황기,전국,160.0,470.0
2022,특약용작물,황정(층층갈고리둥굴레진황정),전국,35.0,73.0
2023,특약용작물,갈근(칡),전국,17.0,20.0
2023,특약용작물,감초,전국,38.0,240.0
2023,특약용작물,강활,전국,38.0,125.0
2023,특약용작물,강황(울금),전국,17.0,112.0
2023,특약용작물,건강(생강),전국,728.0,9130.0
2023,특약용작물,결명자,전국,11.0,35.0
2023,특약용작물,고본,전국,10.0,17.0
2023,특약용작물,구기자,전국,138.0,464.0
2023,특약용작물,길경(도라지),전국,614.0,4758.0
2023,특약용작물,느타리,전국,149.0,58879.0
2023,특약용작물,닥나무,전국,2.0,5.0
2023,특약용작물,단삼,전국,6.0,67.0
2023,특약용작물,당귀(일당귀),전국,49.0,265.0
2023,특약용작물,당귀(참당귀),전국,444.0,1292.0
2023,특약용작물,당삼(만삼),전국,9.0,25.0
2023,특약용작물,대마(삼),전국,27.0,97.0
2023,특약용작물,대황(금문대황장군풀),전국,0.0,1.0
2023,특약용작물,독활(땅두릅),전국,294.0,1349.0
2023,특약용작물,두충(두충나무),전국,28.0,110.0
2023,특약용작물,들깨,전국,41071.0,47772.0
2023,특약용작물,땅콩,전국,3589.0,9186.0
2023,특약용작물,맥문동(소엽맥문동),전국,26.0,63.0
2023,특약용작물,면화,전국,1.0,1.0
2023,특약용작물,목단피(목단모란),전국,0.0,0.0
2023,특약용작물,박하,전국,2.0,2.0
2023,특약용작물,백수오(은조롱),전국,94.0,218.0
2023,특약용작물,백지(구릿대),전국,7.0,37.0
2023,특약용작물,백출(삽주큰꽃삽주),전국,36.0,84.0
2023,특약용작물,복분자(복분자딸기),전국,666.0,4544.0
2023,특약용작물,사삼(잔대),전국,22.0,174.0
2023,특약용작물,산수유,전국,269.0,211.0
2023,특약용작물,산약(마),전국,612.0,7798.0
2023,특약용작물,삼백초,전국,6.0,41.0
2023,특약용작물,상황,전국,16.0,96.0
2023,특약용작물,새송이,전국,100.0,52880.0
2023,특약용작물,석창포,전국,2.0,17.0
2023,특약용작물,스테비아,전국,0.0,0.0
2023,특약용작물,시호,전국,9.0,56.0
2023,특약용작물,식방풍(갯기름나물),전국,135.0,1298.0
2023,특약용작물,신령,전국,1.0,9.0
2023,특약용작물,신선초,전국,7.0,199.0
2023,특약용작물,애엽(쑥황해쑥),전국,129.0,591.0
2023,특약용작물,양송이,전국,85.0,7983.0
2023,특약용작물,양유(더덕),전국,1467.0,11729.0
2023,특약용작물,어성초(약모밀),전국,13.0,108.0
2023,특약용작물,영지,전국,12.0,102.0
2023,특약용작물,오가피(오갈피나무),전국,147.0,547.0
2023,특약용작물,오미자,전국,1499.0,5331.0
2023,특약용작물,완초(왕골),전국,3.0,17.0
2023,특약용작물,우슬(쇠무릎),전국,45.0,89.0
2023,특약용작물,위유(둥굴레옥죽),전국,7.0,11.0
2023,특약용작물,유채,전국,164.0,202.0
2023,특약용작물,의이인(율무),전국,526.0,1023.0
2023,특약용작물,익모초,전국,0.0,0.0
2023,특약용작물,자소엽(차즈기),전국,4.0,14.0
2023,특약용작물,작약,전국,166.0,1987.0
2023,특약용작물,저마(모시),전국,20.0,86.0
2023,특약용작물,지모,전국,0.0,0.0
2023,특약용작물,지황,전국,99.0,623.0
2023,특약용작물,차,전국,2475.0,4184.0
2023,특약용작물,참깨,전국,21291.0,8973.0
2023,특약용작물,천궁,전국,120.0,953.0
2023,특약용작물,천마,전국,51.0,495.0
2023,특약용작물,치자,전국,24.0,80.0
2023,특약용작물,치커리,전국,11.0,252.0
2023,특약용작물,택사(질경이택사),전국,28.0,73.0
2023,특약용작물,팽이,전국,34.0,26454.0
2023,특약용작물,하수오,전국,45.0,88.0
2023,특약용작물,한인진(더위지기),전국,1.0,15.0
2023,특약용작물,향부자,전국,22.0,119.0
2023,특약용작물,현삼,전국,2.0,4.0
2023,특약용작물,형개,전국,1.0,4.0
2023,특약용작물,홍화(잇꽃),전국,41.0,105.0
2023,특약용작물,황금(속썩은풀),전국,3.0,6.0
2023,특약용작물,황기,전국,155.0,449.0
2023,특약용작물,황정(층층갈고리둥굴레진황정),전국,35.0,76.0
